--------------------------------------------------------
-- Archivo creado  - sábado-diciembre-10-2022   
--------------------------------------------------------
--------------------------------------------------------
--  DDL for Sequence HIBERNATE_SEQUENCE
--------------------------------------------------------

   CREATE SEQUENCE  "SOFIADB"."HIBERNATE_SEQUENCE"  MINVALUE 1 MAXVALUE 9999999999999999999999999999 INCREMENT BY 1 START WITH 21 CACHE 20 NOORDER  NOCYCLE ;
--------------------------------------------------------
--  DDL for Sequence ID_SEQ
--------------------------------------------------------

   CREATE SEQUENCE  "SOFIADB"."ID_SEQ"  MINVALUE 1 MAXVALUE 9999999999999999999999999999 INCREMENT BY 1 START WITH 1 CACHE 20 NOORDER  NOCYCLE ;
--------------------------------------------------------
--  DDL for Table ADMIN
--------------------------------------------------------

  CREATE TABLE "SOFIADB"."ADMIN" 
   (	"K_ID" NUMBER(19,0), 
	"N_LASTNAME" VARCHAR2(255 CHAR), 
	"N_NAME" VARCHAR2(255 CHAR), 
	"O_PASSWORD" VARCHAR2(255 CHAR)
   ) SEGMENT CREATION IMMEDIATE 
  PCTFREE 10 PCTUSED 40 INITRANS 1 MAXTRANS 255 NOCOMPRESS LOGGING
  STORAGE(INITIAL 65536 NEXT 1048576 MINEXTENTS 1 MAXEXTENTS 2147483645
  PCTINCREASE 0 FREELISTS 1 FREELIST GROUPS 1 BUFFER_POOL DEFAULT FLASH_CACHE DEFAULT CELL_FLASH_CACHE DEFAULT)
  TABLESPACE "SYSTEM" ;
--------------------------------------------------------
--  DDL for Table CLIENT
--------------------------------------------------------

  CREATE TABLE "SOFIADB"."CLIENT" 
   (	"K_ID" NUMBER(19,0), 
	"N_LASTNAME" VARCHAR2(255 CHAR), 
	"N_NAME" VARCHAR2(255 CHAR), 
	"O_ADDRESS" VARCHAR2(255 CHAR), 
	"O_EMAIL" VARCHAR2(255 CHAR), 
	"O_PHONE_NUMBER" NUMBER(19,0)
   ) SEGMENT CREATION IMMEDIATE 
  PCTFREE 10 PCTUSED 40 INITRANS 1 MAXTRANS 255 NOCOMPRESS LOGGING
  STORAGE(INITIAL 65536 NEXT 1048576 MINEXTENTS 1 MAXEXTENTS 2147483645
  PCTINCREASE 0 FREELISTS 1 FREELIST GROUPS 1 BUFFER_POOL DEFAULT FLASH_CACHE DEFAULT CELL_FLASH_CACHE DEFAULT)
  TABLESPACE "SYSTEM" ;
--------------------------------------------------------
--  DDL for Table PRODUCT
--------------------------------------------------------

  CREATE TABLE "SOFIADB"."PRODUCT" 
   (	"K_ID" NUMBER(19,0), 
	"N_NAME" VARCHAR2(255 CHAR), 
	"O_DESCRIPTION" VARCHAR2(255 CHAR), 
	"O_IMAGEURL" VARCHAR2(255 CHAR), 
	"O_WEIGHT" FLOAT(126)
   ) SEGMENT CREATION IMMEDIATE 
  PCTFREE 10 PCTUSED 40 INITRANS 1 MAXTRANS 255 NOCOMPRESS LOGGING
  STORAGE(INITIAL 65536 NEXT 1048576 MINEXTENTS 1 MAXEXTENTS 2147483645
  PCTINCREASE 0 FREELISTS 1 FREELIST GROUPS 1 BUFFER_POOL DEFAULT FLASH_CACHE DEFAULT CELL_FLASH_CACHE DEFAULT)
  TABLESPACE "SYSTEM" ;
--------------------------------------------------------
--  DDL for Table PRODUCT_SUPPLIES
--------------------------------------------------------

  CREATE TABLE "SOFIADB"."PRODUCT_SUPPLIES" 
   (	"PRODUCT_ID" NUMBER(19,0), 
	"RAW_MATERIAL_ID" NUMBER(19,0)
   ) SEGMENT CREATION IMMEDIATE 
  PCTFREE 10 PCTUSED 40 INITRANS 1 MAXTRANS 255 NOCOMPRESS LOGGING
  STORAGE(INITIAL 65536 NEXT 1048576 MINEXTENTS 1 MAXEXTENTS 2147483645
  PCTINCREASE 0 FREELISTS 1 FREELIST GROUPS 1 BUFFER_POOL DEFAULT FLASH_CACHE DEFAULT CELL_FLASH_CACHE DEFAULT)
  TABLESPACE "SYSTEM" ;
--------------------------------------------------------
--  DDL for Table RAW_MATERIAL
--------------------------------------------------------

  CREATE TABLE "SOFIADB"."RAW_MATERIAL" 
   (	"K_ID" NUMBER(19,0), 
	"N_NAME" VARCHAR2(255 CHAR), 
	"O_DESCRIPTION" VARCHAR2(255 CHAR), 
	"O_WEIGHT" FLOAT(126)
   ) SEGMENT CREATION IMMEDIATE 
  PCTFREE 10 PCTUSED 40 INITRANS 1 MAXTRANS 255 NOCOMPRESS LOGGING
  STORAGE(INITIAL 65536 NEXT 1048576 MINEXTENTS 1 MAXEXTENTS 2147483645
  PCTINCREASE 0 FREELISTS 1 FREELIST GROUPS 1 BUFFER_POOL DEFAULT FLASH_CACHE DEFAULT CELL_FLASH_CACHE DEFAULT)
  TABLESPACE "SYSTEM" ;
--------------------------------------------------------
--  DDL for Table RAW_MATERIAL_ORDER
--------------------------------------------------------

  CREATE TABLE "SOFIADB"."RAW_MATERIAL_ORDER" 
   (	"K_ID" NUMBER(19,0), 
	"D_DATE" TIMESTAMP (6), 
	"V_TOTAL_PRICE" FLOAT(126), 
	"ADMIN_ID" NUMBER(19,0), 
	"SUPPLIER_ID" NUMBER(19,0)
   ) SEGMENT CREATION IMMEDIATE 
  PCTFREE 10 PCTUSED 40 INITRANS 1 MAXTRANS 255 NOCOMPRESS LOGGING
  STORAGE(INITIAL 65536 NEXT 1048576 MINEXTENTS 1 MAXEXTENTS 2147483645
  PCTINCREASE 0 FREELISTS 1 FREELIST GROUPS 1 BUFFER_POOL DEFAULT FLASH_CACHE DEFAULT CELL_FLASH_CACHE DEFAULT)
  TABLESPACE "SYSTEM" ;
--------------------------------------------------------
--  DDL for Table RAW_MATERIAL_ORDER_ITEM
--------------------------------------------------------

  CREATE TABLE "SOFIADB"."RAW_MATERIAL_ORDER_ITEM" 
   (	"Q_QUANTITY" NUMBER(19,0), 
	"V_UNIT_PRICE" FLOAT(126), 
	"RAW_MATERIAL_ORDER_ID" NUMBER(19,0), 
	"RAW_MATERIAL_ID" NUMBER(19,0)
   ) SEGMENT CREATION IMMEDIATE 
  PCTFREE 10 PCTUSED 40 INITRANS 1 MAXTRANS 255 NOCOMPRESS LOGGING
  STORAGE(INITIAL 65536 NEXT 1048576 MINEXTENTS 1 MAXEXTENTS 2147483645
  PCTINCREASE 0 FREELISTS 1 FREELIST GROUPS 1 BUFFER_POOL DEFAULT FLASH_CACHE DEFAULT CELL_FLASH_CACHE DEFAULT)
  TABLESPACE "SYSTEM" ;
--------------------------------------------------------
--  DDL for Table SALE_ORDER
--------------------------------------------------------

  CREATE TABLE "SOFIADB"."SALE_ORDER" 
   (	"K_ID" NUMBER(19,0), 
	"D_DATE" TIMESTAMP (6), 
	"TOTAL_PRICE" FLOAT(126), 
	"ADMIN_ID" NUMBER(19,0), 
	"CLIENT_ID" NUMBER(19,0)
   ) SEGMENT CREATION IMMEDIATE 
  PCTFREE 10 PCTUSED 40 INITRANS 1 MAXTRANS 255 NOCOMPRESS LOGGING
  STORAGE(INITIAL 65536 NEXT 1048576 MINEXTENTS 1 MAXEXTENTS 2147483645
  PCTINCREASE 0 FREELISTS 1 FREELIST GROUPS 1 BUFFER_POOL DEFAULT FLASH_CACHE DEFAULT CELL_FLASH_CACHE DEFAULT)
  TABLESPACE "SYSTEM" ;
--------------------------------------------------------
--  DDL for Table SALE_ORDER_ITEM
--------------------------------------------------------

  CREATE TABLE "SOFIADB"."SALE_ORDER_ITEM" 
   (	"Q_QUANTITY" NUMBER(19,0), 
	"V_UNIT_PRICE" FLOAT(126), 
	"SALE_ORDER_ID" NUMBER(19,0), 
	"PRODUCT_ID" NUMBER(19,0)
   ) SEGMENT CREATION IMMEDIATE 
  PCTFREE 10 PCTUSED 40 INITRANS 1 MAXTRANS 255 NOCOMPRESS LOGGING
  STORAGE(INITIAL 65536 NEXT 1048576 MINEXTENTS 1 MAXEXTENTS 2147483645
  PCTINCREASE 0 FREELISTS 1 FREELIST GROUPS 1 BUFFER_POOL DEFAULT FLASH_CACHE DEFAULT CELL_FLASH_CACHE DEFAULT)
  TABLESPACE "SYSTEM" ;
--------------------------------------------------------
--  DDL for Table SUPPLIER
--------------------------------------------------------

  CREATE TABLE "SOFIADB"."SUPPLIER" 
   (	"K_ID" NUMBER(19,0), 
	"N_NAME" VARCHAR2(255 CHAR), 
	"O_ADDRESS" VARCHAR2(255 CHAR), 
	"O_PHONE_NUMBER" NUMBER(19,0)
   ) SEGMENT CREATION IMMEDIATE 
  PCTFREE 10 PCTUSED 40 INITRANS 1 MAXTRANS 255 NOCOMPRESS LOGGING
  STORAGE(INITIAL 65536 NEXT 1048576 MINEXTENTS 1 MAXEXTENTS 2147483645
  PCTINCREASE 0 FREELISTS 1 FREELIST GROUPS 1 BUFFER_POOL DEFAULT FLASH_CACHE DEFAULT CELL_FLASH_CACHE DEFAULT)
  TABLESPACE "SYSTEM" ;
REM INSERTING into SOFIADB.ADMIN
SET DEFINE OFF;
Insert into SOFIADB.ADMIN (K_ID,N_LASTNAME,N_NAME,O_PASSWORD) values ('123456789','Dueñas','Laura','$argon2i$v=19$m=1024,t=1,p=1$5PJBcYzvOsx1UAfWIO8drA$uNLSS9jFjH37OvFubQ1aP97Ez8D0kNnMdY3UEMWTmzw');
Insert into SOFIADB.ADMIN (K_ID,N_LASTNAME,N_NAME,O_PASSWORD) values ('45678','Rodriguez','Juan','ola');
Insert into SOFIADB.ADMIN (K_ID,N_LASTNAME,N_NAME,O_PASSWORD) values ('789456123','Dueñas','Laura','$argon2i$v=19$m=1024,t=1,p=1$fIs96a2TP5HTmq/vDqh30w$BDuCgO+obub+gVOco+szyBBys9UU7+wVuaUwcLG9k90');
REM INSERTING into SOFIADB.CLIENT
SET DEFINE OFF;
Insert into SOFIADB.CLIENT (K_ID,N_LASTNAME,N_NAME,O_ADDRESS,O_EMAIL,O_PHONE_NUMBER) values ('145','Due¤as','Laura','Calle 40 cr 7','laura@gmail.com','451213');
Insert into SOFIADB.CLIENT (K_ID,N_LASTNAME,N_NAME,O_ADDRESS,O_EMAIL,O_PHONE_NUMBER) values ('489','Bulla','Sofia','Calle 40 cr 7','laura@gmail.com','451213');
REM INSERTING into SOFIADB.PRODUCT
SET DEFINE OFF;
Insert into SOFIADB.PRODUCT (K_ID,N_NAME,O_DESCRIPTION,O_IMAGEURL,O_WEIGHT) values ('487','arandelas','producto para realizar...','https://www.camejia.com/uploads/arandelas_planas_zincadas523f0.jpg','123,45');
Insert into SOFIADB.PRODUCT (K_ID,N_NAME,O_DESCRIPTION,O_IMAGEURL,O_WEIGHT) values ('783','empaque','producto para realizar...','https://www.camejia.com/uploads/arandelas_planas_zincadas523f0.jpg','543,45');
Insert into SOFIADB.PRODUCT (K_ID,N_NAME,O_DESCRIPTION,O_IMAGEURL,O_WEIGHT) values ('963','Producto 1..','este producto permite...','imageURL','456,56');
Insert into SOFIADB.PRODUCT (K_ID,N_NAME,O_DESCRIPTION,O_IMAGEURL,O_WEIGHT) values ('89','Producto 2..','este producto permite...','imageURL','356,56');
REM INSERTING into SOFIADB.PRODUCT_SUPPLIES
SET DEFINE OFF;
REM INSERTING into SOFIADB.RAW_MATERIAL
SET DEFINE OFF;
Insert into SOFIADB.RAW_MATERIAL (K_ID,N_NAME,O_DESCRIPTION,O_WEIGHT) values ('458','Tornillo','Material utilizado para....','4,8');
Insert into SOFIADB.RAW_MATERIAL (K_ID,N_NAME,O_DESCRIPTION,O_WEIGHT) values ('741','Puntilla','Material utilizado para....','4,9');
Insert into SOFIADB.RAW_MATERIAL (K_ID,N_NAME,O_DESCRIPTION,O_WEIGHT) values ('369','Metal','Material utilizado para....','4,7');
REM INSERTING into SOFIADB.RAW_MATERIAL_ORDER
SET DEFINE OFF;
Insert into SOFIADB.RAW_MATERIAL_ORDER (K_ID,D_DATE,V_TOTAL_PRICE,ADMIN_ID,SUPPLIER_ID) values ('1',null,'0','45678','12345');
Insert into SOFIADB.RAW_MATERIAL_ORDER (K_ID,D_DATE,V_TOTAL_PRICE,ADMIN_ID,SUPPLIER_ID) values ('2',null,'0','45678','12345');
Insert into SOFIADB.RAW_MATERIAL_ORDER (K_ID,D_DATE,V_TOTAL_PRICE,ADMIN_ID,SUPPLIER_ID) values ('3',to_timestamp('03/12/22 02:02:43,316000000 PM','DD/MM/RR HH12:MI:SSXFF AM'),'0','45678','12345');
Insert into SOFIADB.RAW_MATERIAL_ORDER (K_ID,D_DATE,V_TOTAL_PRICE,ADMIN_ID,SUPPLIER_ID) values ('4',to_timestamp('03/12/22 02:30:28,109000000 PM','DD/MM/RR HH12:MI:SSXFF AM'),'0','45678','12345');
Insert into SOFIADB.RAW_MATERIAL_ORDER (K_ID,D_DATE,V_TOTAL_PRICE,ADMIN_ID,SUPPLIER_ID) values ('5',to_timestamp('03/12/22 02:51:30,369000000 PM','DD/MM/RR HH12:MI:SSXFF AM'),'0','45678','12345');
Insert into SOFIADB.RAW_MATERIAL_ORDER (K_ID,D_DATE,V_TOTAL_PRICE,ADMIN_ID,SUPPLIER_ID) values ('6',to_timestamp('03/12/22 05:13:01,533000000 PM','DD/MM/RR HH12:MI:SSXFF AM'),'0','45678','12345');
Insert into SOFIADB.RAW_MATERIAL_ORDER (K_ID,D_DATE,V_TOTAL_PRICE,ADMIN_ID,SUPPLIER_ID) values ('7',to_timestamp('03/12/22 05:24:58,413000000 PM','DD/MM/RR HH12:MI:SSXFF AM'),'0','45678','12345');
Insert into SOFIADB.RAW_MATERIAL_ORDER (K_ID,D_DATE,V_TOTAL_PRICE,ADMIN_ID,SUPPLIER_ID) values ('8',to_timestamp('03/12/22 05:28:39,696000000 PM','DD/MM/RR HH12:MI:SSXFF AM'),'0','45678','12345');
Insert into SOFIADB.RAW_MATERIAL_ORDER (K_ID,D_DATE,V_TOTAL_PRICE,ADMIN_ID,SUPPLIER_ID) values ('9',to_timestamp('03/12/22 07:52:55,019000000 PM','DD/MM/RR HH12:MI:SSXFF AM'),'0','789456123','12345');
Insert into SOFIADB.RAW_MATERIAL_ORDER (K_ID,D_DATE,V_TOTAL_PRICE,ADMIN_ID,SUPPLIER_ID) values ('10',to_timestamp('03/12/22 06:10:04,949000000 PM','DD/MM/RR HH12:MI:SSXFF AM'),'0','45678','12345');
REM INSERTING into SOFIADB.RAW_MATERIAL_ORDER_ITEM
SET DEFINE OFF;
Insert into SOFIADB.RAW_MATERIAL_ORDER_ITEM (Q_QUANTITY,V_UNIT_PRICE,RAW_MATERIAL_ORDER_ID,RAW_MATERIAL_ID) values ('2','4510,02','7','458');
Insert into SOFIADB.RAW_MATERIAL_ORDER_ITEM (Q_QUANTITY,V_UNIT_PRICE,RAW_MATERIAL_ORDER_ID,RAW_MATERIAL_ID) values ('5','45320,54','9','369');
Insert into SOFIADB.RAW_MATERIAL_ORDER_ITEM (Q_QUANTITY,V_UNIT_PRICE,RAW_MATERIAL_ORDER_ID,RAW_MATERIAL_ID) values ('3','65320,54','9','458');
REM INSERTING into SOFIADB.SALE_ORDER
SET DEFINE OFF;
Insert into SOFIADB.SALE_ORDER (K_ID,D_DATE,TOTAL_PRICE,ADMIN_ID,CLIENT_ID) values ('11',to_timestamp('03/12/22 07:02:15,882000000 PM','DD/MM/RR HH12:MI:SSXFF AM'),'0','45678','145');
Insert into SOFIADB.SALE_ORDER (K_ID,D_DATE,TOTAL_PRICE,ADMIN_ID,CLIENT_ID) values ('12',to_timestamp('03/12/22 07:53:19,413000000 PM','DD/MM/RR HH12:MI:SSXFF AM'),'0','789456123','145');
REM INSERTING into SOFIADB.SALE_ORDER_ITEM
SET DEFINE OFF;
Insert into SOFIADB.SALE_ORDER_ITEM (Q_QUANTITY,V_UNIT_PRICE,SALE_ORDER_ID,PRODUCT_ID) values ('5','45320,54','11','963');
Insert into SOFIADB.SALE_ORDER_ITEM (Q_QUANTITY,V_UNIT_PRICE,SALE_ORDER_ID,PRODUCT_ID) values ('3','65320,54','11','89');
Insert into SOFIADB.SALE_ORDER_ITEM (Q_QUANTITY,V_UNIT_PRICE,SALE_ORDER_ID,PRODUCT_ID) values ('5','45320,54','12','963');
Insert into SOFIADB.SALE_ORDER_ITEM (Q_QUANTITY,V_UNIT_PRICE,SALE_ORDER_ID,PRODUCT_ID) values ('3','65320,54','12','89');
REM INSERTING into SOFIADB.SUPPLIER
SET DEFINE OFF;
Insert into SOFIADB.SUPPLIER (K_ID,N_NAME,O_ADDRESS,O_PHONE_NUMBER) values ('12345','Alberto','Calle 40 cr 7','784845');
--------------------------------------------------------
--  Constraints for Table RAW_MATERIAL_ORDER_ITEM
--------------------------------------------------------

  ALTER TABLE "SOFIADB"."RAW_MATERIAL_ORDER_ITEM" ADD PRIMARY KEY ("RAW_MATERIAL_ID", "RAW_MATERIAL_ORDER_ID")
  USING INDEX PCTFREE 10 INITRANS 2 MAXTRANS 255 COMPUTE STATISTICS 
  STORAGE(INITIAL 65536 NEXT 1048576 MINEXTENTS 1 MAXEXTENTS 2147483645
  PCTINCREASE 0 FREELISTS 1 FREELIST GROUPS 1 BUFFER_POOL DEFAULT FLASH_CACHE DEFAULT CELL_FLASH_CACHE DEFAULT)
  TABLESPACE "SYSTEM"  ENABLE;
  ALTER TABLE "SOFIADB"."RAW_MATERIAL_ORDER_ITEM" MODIFY ("RAW_MATERIAL_ID" NOT NULL ENABLE);
  ALTER TABLE "SOFIADB"."RAW_MATERIAL_ORDER_ITEM" MODIFY ("RAW_MATERIAL_ORDER_ID" NOT NULL ENABLE);
--------------------------------------------------------
--  Constraints for Table SALE_ORDER_ITEM
--------------------------------------------------------

  ALTER TABLE "SOFIADB"."SALE_ORDER_ITEM" ADD PRIMARY KEY ("PRODUCT_ID", "SALE_ORDER_ID")
  USING INDEX PCTFREE 10 INITRANS 2 MAXTRANS 255 COMPUTE STATISTICS 
  STORAGE(INITIAL 65536 NEXT 1048576 MINEXTENTS 1 MAXEXTENTS 2147483645
  PCTINCREASE 0 FREELISTS 1 FREELIST GROUPS 1 BUFFER_POOL DEFAULT FLASH_CACHE DEFAULT CELL_FLASH_CACHE DEFAULT)
  TABLESPACE "SYSTEM"  ENABLE;
  ALTER TABLE "SOFIADB"."SALE_ORDER_ITEM" MODIFY ("PRODUCT_ID" NOT NULL ENABLE);
  ALTER TABLE "SOFIADB"."SALE_ORDER_ITEM" MODIFY ("SALE_ORDER_ID" NOT NULL ENABLE);
--------------------------------------------------------
--  Constraints for Table CLIENT
--------------------------------------------------------

  ALTER TABLE "SOFIADB"."CLIENT" ADD PRIMARY KEY ("K_ID")
  USING INDEX PCTFREE 10 INITRANS 2 MAXTRANS 255 COMPUTE STATISTICS 
  STORAGE(INITIAL 65536 NEXT 1048576 MINEXTENTS 1 MAXEXTENTS 2147483645
  PCTINCREASE 0 FREELISTS 1 FREELIST GROUPS 1 BUFFER_POOL DEFAULT FLASH_CACHE DEFAULT CELL_FLASH_CACHE DEFAULT)
  TABLESPACE "SYSTEM"  ENABLE;
  ALTER TABLE "SOFIADB"."CLIENT" MODIFY ("K_ID" NOT NULL ENABLE);
--------------------------------------------------------
--  Constraints for Table PRODUCT
--------------------------------------------------------

  ALTER TABLE "SOFIADB"."PRODUCT" ADD PRIMARY KEY ("K_ID")
  USING INDEX PCTFREE 10 INITRANS 2 MAXTRANS 255 COMPUTE STATISTICS 
  STORAGE(INITIAL 65536 NEXT 1048576 MINEXTENTS 1 MAXEXTENTS 2147483645
  PCTINCREASE 0 FREELISTS 1 FREELIST GROUPS 1 BUFFER_POOL DEFAULT FLASH_CACHE DEFAULT CELL_FLASH_CACHE DEFAULT)
  TABLESPACE "SYSTEM"  ENABLE;
  ALTER TABLE "SOFIADB"."PRODUCT" MODIFY ("K_ID" NOT NULL ENABLE);
--------------------------------------------------------
--  Constraints for Table RAW_MATERIAL_ORDER
--------------------------------------------------------

  ALTER TABLE "SOFIADB"."RAW_MATERIAL_ORDER" ADD PRIMARY KEY ("K_ID")
  USING INDEX PCTFREE 10 INITRANS 2 MAXTRANS 255 COMPUTE STATISTICS 
  STORAGE(INITIAL 65536 NEXT 1048576 MINEXTENTS 1 MAXEXTENTS 2147483645
  PCTINCREASE 0 FREELISTS 1 FREELIST GROUPS 1 BUFFER_POOL DEFAULT FLASH_CACHE DEFAULT CELL_FLASH_CACHE DEFAULT)
  TABLESPACE "SYSTEM"  ENABLE;
  ALTER TABLE "SOFIADB"."RAW_MATERIAL_ORDER" MODIFY ("K_ID" NOT NULL ENABLE);
--------------------------------------------------------
--  Constraints for Table PRODUCT_SUPPLIES
--------------------------------------------------------

  ALTER TABLE "SOFIADB"."PRODUCT_SUPPLIES" ADD PRIMARY KEY ("RAW_MATERIAL_ID", "PRODUCT_ID")
  USING INDEX PCTFREE 10 INITRANS 2 MAXTRANS 255 COMPUTE STATISTICS 
  STORAGE(INITIAL 65536 NEXT 1048576 MINEXTENTS 1 MAXEXTENTS 2147483645
  PCTINCREASE 0 FREELISTS 1 FREELIST GROUPS 1 BUFFER_POOL DEFAULT FLASH_CACHE DEFAULT CELL_FLASH_CACHE DEFAULT)
  TABLESPACE "SYSTEM"  ENABLE;
  ALTER TABLE "SOFIADB"."PRODUCT_SUPPLIES" MODIFY ("RAW_MATERIAL_ID" NOT NULL ENABLE);
  ALTER TABLE "SOFIADB"."PRODUCT_SUPPLIES" MODIFY ("PRODUCT_ID" NOT NULL ENABLE);
--------------------------------------------------------
--  Constraints for Table SALE_ORDER
--------------------------------------------------------

  ALTER TABLE "SOFIADB"."SALE_ORDER" ADD PRIMARY KEY ("K_ID")
  USING INDEX PCTFREE 10 INITRANS 2 MAXTRANS 255 COMPUTE STATISTICS 
  STORAGE(INITIAL 65536 NEXT 1048576 MINEXTENTS 1 MAXEXTENTS 2147483645
  PCTINCREASE 0 FREELISTS 1 FREELIST GROUPS 1 BUFFER_POOL DEFAULT FLASH_CACHE DEFAULT CELL_FLASH_CACHE DEFAULT)
  TABLESPACE "SYSTEM"  ENABLE;
  ALTER TABLE "SOFIADB"."SALE_ORDER" MODIFY ("K_ID" NOT NULL ENABLE);
--------------------------------------------------------
--  Constraints for Table ADMIN
--------------------------------------------------------

  ALTER TABLE "SOFIADB"."ADMIN" ADD PRIMARY KEY ("K_ID")
  USING INDEX PCTFREE 10 INITRANS 2 MAXTRANS 255 COMPUTE STATISTICS 
  STORAGE(INITIAL 65536 NEXT 1048576 MINEXTENTS 1 MAXEXTENTS 2147483645
  PCTINCREASE 0 FREELISTS 1 FREELIST GROUPS 1 BUFFER_POOL DEFAULT FLASH_CACHE DEFAULT CELL_FLASH_CACHE DEFAULT)
  TABLESPACE "SYSTEM"  ENABLE;
  ALTER TABLE "SOFIADB"."ADMIN" MODIFY ("K_ID" NOT NULL ENABLE);
--------------------------------------------------------
--  Constraints for Table RAW_MATERIAL
--------------------------------------------------------

  ALTER TABLE "SOFIADB"."RAW_MATERIAL" ADD PRIMARY KEY ("K_ID")
  USING INDEX PCTFREE 10 INITRANS 2 MAXTRANS 255 COMPUTE STATISTICS 
  STORAGE(INITIAL 65536 NEXT 1048576 MINEXTENTS 1 MAXEXTENTS 2147483645
  PCTINCREASE 0 FREELISTS 1 FREELIST GROUPS 1 BUFFER_POOL DEFAULT FLASH_CACHE DEFAULT CELL_FLASH_CACHE DEFAULT)
  TABLESPACE "SYSTEM"  ENABLE;
  ALTER TABLE "SOFIADB"."RAW_MATERIAL" MODIFY ("K_ID" NOT NULL ENABLE);
--------------------------------------------------------
--  Constraints for Table SUPPLIER
--------------------------------------------------------

  ALTER TABLE "SOFIADB"."SUPPLIER" ADD PRIMARY KEY ("K_ID")
  USING INDEX PCTFREE 10 INITRANS 2 MAXTRANS 255 COMPUTE STATISTICS 
  STORAGE(INITIAL 65536 NEXT 1048576 MINEXTENTS 1 MAXEXTENTS 2147483645
  PCTINCREASE 0 FREELISTS 1 FREELIST GROUPS 1 BUFFER_POOL DEFAULT FLASH_CACHE DEFAULT CELL_FLASH_CACHE DEFAULT)
  TABLESPACE "SYSTEM"  ENABLE;
  ALTER TABLE "SOFIADB"."SUPPLIER" MODIFY ("K_ID" NOT NULL ENABLE);
--------------------------------------------------------
--  Ref Constraints for Table PRODUCT_SUPPLIES
--------------------------------------------------------

  ALTER TABLE "SOFIADB"."PRODUCT_SUPPLIES" ADD CONSTRAINT "FKDM909W4XG5YMTC965KEGYP8DG" FOREIGN KEY ("RAW_MATERIAL_ID")
	  REFERENCES "SOFIADB"."RAW_MATERIAL" ("K_ID") ENABLE;
  ALTER TABLE "SOFIADB"."PRODUCT_SUPPLIES" ADD CONSTRAINT "FKPMJEN6QBXRYE430GWUS5JUG2Y" FOREIGN KEY ("PRODUCT_ID")
	  REFERENCES "SOFIADB"."PRODUCT" ("K_ID") ENABLE;
--------------------------------------------------------
--  Ref Constraints for Table RAW_MATERIAL_ORDER
--------------------------------------------------------

  ALTER TABLE "SOFIADB"."RAW_MATERIAL_ORDER" ADD CONSTRAINT "FK5D63NMQY7I1WCL5HB0I9MGDDY" FOREIGN KEY ("SUPPLIER_ID")
	  REFERENCES "SOFIADB"."SUPPLIER" ("K_ID") ENABLE;
  ALTER TABLE "SOFIADB"."RAW_MATERIAL_ORDER" ADD CONSTRAINT "FKRU5FWG778N1K802W5UAUBYM2G" FOREIGN KEY ("ADMIN_ID")
	  REFERENCES "SOFIADB"."ADMIN" ("K_ID") ENABLE;
--------------------------------------------------------
--  Ref Constraints for Table RAW_MATERIAL_ORDER_ITEM
--------------------------------------------------------

  ALTER TABLE "SOFIADB"."RAW_MATERIAL_ORDER_ITEM" ADD CONSTRAINT "FK4M8YPJPHCEFIQPF7WJU5PF7D7" FOREIGN KEY ("RAW_MATERIAL_ORDER_ID")
	  REFERENCES "SOFIADB"."RAW_MATERIAL_ORDER" ("K_ID") ENABLE;
  ALTER TABLE "SOFIADB"."RAW_MATERIAL_ORDER_ITEM" ADD CONSTRAINT "FKNHB6GDJJAASLFIUOIE3UBS1ON" FOREIGN KEY ("RAW_MATERIAL_ID")
	  REFERENCES "SOFIADB"."RAW_MATERIAL" ("K_ID") ENABLE;
--------------------------------------------------------
--  Ref Constraints for Table SALE_ORDER
--------------------------------------------------------

  ALTER TABLE "SOFIADB"."SALE_ORDER" ADD CONSTRAINT "FKEPVHV7GSRYDGEIQW30RKLNFVB" FOREIGN KEY ("CLIENT_ID")
	  REFERENCES "SOFIADB"."CLIENT" ("K_ID") ENABLE;
  ALTER TABLE "SOFIADB"."SALE_ORDER" ADD CONSTRAINT "FKF49D1Q2HD9N2QPDR66RSWXRFR" FOREIGN KEY ("ADMIN_ID")
	  REFERENCES "SOFIADB"."ADMIN" ("K_ID") ENABLE;
--------------------------------------------------------
--  Ref Constraints for Table SALE_ORDER_ITEM
--------------------------------------------------------

  ALTER TABLE "SOFIADB"."SALE_ORDER_ITEM" ADD CONSTRAINT "FK5W1F680034OHBC2GWF6L5RJ67" FOREIGN KEY ("SALE_ORDER_ID")
	  REFERENCES "SOFIADB"."SALE_ORDER" ("K_ID") ENABLE;
  ALTER TABLE "SOFIADB"."SALE_ORDER_ITEM" ADD CONSTRAINT "FK77P9GNELJ1LW5OSMCQUNL2KO5" FOREIGN KEY ("PRODUCT_ID")
	  REFERENCES "SOFIADB"."PRODUCT" ("K_ID") ENABLE;
